[
  {
      "Customer": {
          "id": 8,
          "cust_no": 1,
          "cust_name": "Charu",
          "Appt_date": "2020-08-03",
          "Appt_Fr_time": "04:00",
          "Appt_Status": "booking"
      },
      "Treatment": []
  },
  {
      "Customer": {
          "id": 3,
          "cust_no": 1,
          "cust_name": "Charu",
          "Appt_date": "2020-08-03",
          "Appt_Fr_time": "04:00",
          "Appt_Status": "booking"
      },
      "Treatment": []
  },
  {
      "Customer": {
          "id": 4,
          "cust_no": 2,
          "cust_name": "Khary",
          "Appt_date": "2020-08-03",
          "Appt_Fr_time": "04:00",
          "Appt_Status": "booking"
      },
      "Treatment": [
          {
              "id": 23,
              "PIC": "/media/img/djangoadmin_Ahksqem.png",
              "Course": "Hot Stone Massage",
              "item_class": "Massage",
              "Item_Class": 2,
              "Item_Code": 5,
              "stock_name": "Hot Stone Massage",
              "Treatment_Date": "2020-08-06T11:18:39.367809Z",
              "Appt_Time": "04:00",
              "Site_Code": 1,
              "sitecode_name": "BIO SKIN HQ",
              "Price": "200.00",
              "Treatment_No": null,
              "outlet": null,
              "emp_no": null,
              "Trmt_Room_Code": null,
              "cus_requests": null,
              "treatment_details": "A facial is a family of skin care treatments for the face, including steam, exfoliation, extraction, creams, lotions, facial masks, peels, and massage. They are normally performed in beauty salons, but are also a common spa treatment. They are used for general skin health as well as for specific skin conditions.",
              "procedure": "A facial is a family of skin care treatments for the face, including steam, exfoliation, extraction, creams, lotions, facial masks, peels, and massage. They are normally performed in beauty salons, but are also a common spa treatment. They are used for general skin health as well as for specific skin conditions.",
              "products_used": "sdfsdfsdf",
              "recurring_appointment": "dfsdfsdf"
          },
          {
              "id": 22,
              "PIC": "/media/img/currentsite_LetkfSj.png",
              "Course": "Gold Massage",
              "item_class": "DragonFace",
              "Item_Class": 6,
              "Item_Code": 2,
              "stock_name": "Gold Massage",
              "Treatment_Date": "2020-08-06T10:25:25.728076Z",
              "Appt_Time": "04:00",
              "Site_Code": 1,
              "sitecode_name": "BIO SKIN HQ",
              "Price": "217.00",
              "Treatment_No": null,
              "outlet": null,
              "emp_no": null,
              "Trmt_Room_Code": null,
              "cus_requests": null,
              "treatment_details": "A facial is a family of skin care treatments for the face, including steam, exfoliation, extraction, creams, lotions, facial masks, peels, and massage. They are normally performed in beauty salons, but are also a common spa treatment. They are used for general skin health as well as for specific skin conditions.",
              "procedure": "A facial is a family of skin care treatments for the face, including steam, exfoliation, extraction, creams, lotions, facial masks, peels, and massage. They are normally performed in beauty salons, but are also a common spa treatment. They are used for general skin health as well as for specific skin conditions.",
              "products_used": "product 1",
              "recurring_appointment": "product 1"
          },
          {
              "id": 24,
              "PIC": "/media/img/djangoadmin_Ahksqem.png",
              "Course": "Hot Stone Massage",
              "item_class": "Massage",
              "Item_Class": 2,
              "Item_Code": 5,
              "stock_name": "Hot Stone Massage",
              "Treatment_Date": "2020-08-06T11:21:21.056959Z",
              "Appt_Time": "04:00",
              "Site_Code": 1,
              "sitecode_name": "BIO SKIN HQ",
              "Price": "200.00",
              "Treatment_No": null,
              "outlet": null,
              "emp_no": null,
              "Trmt_Room_Code": null,
              "cus_requests": null,
              "treatment_details": "A facial is a family of skin care treatments for the face, including steam, exfoliation, extraction, creams, lotions, facial masks, peels, and massage. They are normally performed in beauty salons, but are also a common spa treatment. They are used for general skin health as well as for specific skin conditions.",
              "procedure": "A facial is a family of skin care treatments for the face, including steam, exfoliation, extraction, creams, lotions, facial masks, peels, and massage. They are normally performed in beauty salons, but are also a common spa treatment. They are used for general skin health as well as for specific skin conditions.",
              "products_used": "fhgdfhgdfgh",
              "recurring_appointment": "dfghdfhgdfhg"
          },
          {
              "id": 25,
              "PIC": "/media/img/djangoadmin_Ahksqem.png",
              "Course": "Hot Stone Massage",
              "item_class": "Massage",
              "Item_Class": 2,
              "Item_Code": 5,
              "stock_name": "Hot Stone Massage",
              "Treatment_Date": "2020-08-06T17:00:25.745401Z",
              "Appt_Time": "04:00",
              "Site_Code": 1,
              "sitecode_name": "BIO SKIN HQ",
              "Price": "200.00",
              "Treatment_No": null,
              "outlet": null,
              "emp_no": null,
              "Trmt_Room_Code": null,
              "cus_requests": null,
              "treatment_details": "A facial is a family of skin care treatments for the face, including steam, exfoliation, extraction, creams, lotions, facial masks, peels, and massage. They are normally performed in beauty salons, but are also a common spa treatment. They are used for general skin health as well as for specific skin conditions.",
              "procedure": "A facial is a family of skin care treatments for the face, including steam, exfoliation, extraction, creams, lotions, facial masks, peels, and massage. They are normally performed in beauty salons, but are also a common spa treatment. They are used for general skin health as well as for specific skin conditions.",
              "products_used": "gdfdjhf",
              "recurring_appointment": "jhfjfvv"
          },
          {
              "id": 27,
              "PIC": "/media/img/djangoadmin_Ahksqem.png",
              "Course": "Hot Stone Massage",
              "item_class": "Massage",
              "Item_Class": 2,
              "Item_Code": 5,
              "stock_name": "Hot Stone Massage",
              "Treatment_Date": "2020-08-06T17:31:16.636121Z",
              "Appt_Time": "04:00",
              "Site_Code": 1,
              "sitecode_name": "BIO SKIN HQ",
              "Price": "200.00",
              "Treatment_No": null,
              "outlet": null,
              "emp_no": null,
              "Trmt_Room_Code": null,
              "cus_requests": null,
              "treatment_details": "A facial is a family of skin care treatments for the face, including steam, exfoliation, extraction, creams, lotions, facial masks, peels, and massage. They are normally performed in beauty salons, but are also a common spa treatment. They are used for general skin health as well as for specific skin conditions.",
              "procedure": "A facial is a family of skin care treatments for the face, including steam, exfoliation, extraction, creams, lotions, facial masks, peels, and massage. They are normally performed in beauty salons, but are also a common spa treatment. They are used for general skin health as well as for specific skin conditions.",
              "products_used": "dfgsdfgsdfg",
              "recurring_appointment": "dfgsdfgsdfg"
          },
          {
              "id": 28,
              "PIC": "/media/img/djangoadmin_Ahksqem.png",
              "Course": "Hot Stone Massage",
              "item_class": "Massage",
              "Item_Class": 2,
              "Item_Code": 5,
              "stock_name": "Hot Stone Massage",
              "Treatment_Date": "2020-08-06T17:31:39.628590Z",
              "Appt_Time": "04:00",
              "Site_Code": 1,
              "sitecode_name": "BIO SKIN HQ",
              "Price": "200.00",
              "Treatment_No": null,
              "outlet": null,
              "emp_no": null,
              "Trmt_Room_Code": null,
              "cus_requests": null,
              "treatment_details": "A facial is a family of skin care treatments for the face, including steam, exfoliation, extraction, creams, lotions, facial masks, peels, and massage. They are normally performed in beauty salons, but are also a common spa treatment. They are used for general skin health as well as for specific skin conditions.",
              "procedure": "A facial is a family of skin care treatments for the face, including steam, exfoliation, extraction, creams, lotions, facial masks, peels, and massage. They are normally performed in beauty salons, but are also a common spa treatment. They are used for general skin health as well as for specific skin conditions.",
              "products_used": "asdfasdfas",
              "recurring_appointment": "dfasdfasdfasd"
          },
          {
              "id": 29,
              "PIC": "/media/img/djangoadmin_Ahksqem.png",
              "Course": "Hot Stone Massage",
              "item_class": "Massage",
              "Item_Class": 2,
              "Item_Code": 5,
              "stock_name": "Hot Stone Massage",
              "Treatment_Date": "2020-08-06T18:10:38.434055Z",
              "Appt_Time": "04:00",
              "Site_Code": 1,
              "sitecode_name": "BIO SKIN HQ",
              "Price": "200.00",
              "Treatment_No": null,
              "outlet": null,
              "emp_no": null,
              "Trmt_Room_Code": null,
              "cus_requests": null,
              "treatment_details": "A facial is a family of skin care treatments for the face, including steam, exfoliation, extraction, creams, lotions, facial masks, peels, and massage. They are normally performed in beauty salons, but are also a common spa treatment. They are used for general skin health as well as for specific skin conditions.",
              "procedure": "A facial is a family of skin care treatments for the face, including steam, exfoliation, extraction, creams, lotions, facial masks, peels, and massage. They are normally performed in beauty salons, but are also a common spa treatment. They are used for general skin health as well as for specific skin conditions.",
              "products_used": "dfasdfasasdf",
              "recurring_appointment": "asdfasdfasdf"
          },
          {
              "id": 30,
              "PIC": "/media/img/djangoadmin_Ahksqem.png",
              "Course": "Hot Stone Massage",
              "item_class": "Massage",
              "Item_Class": 2,
              "Item_Code": 5,
              "stock_name": "Hot Stone Massage",
              "Treatment_Date": "2020-08-06T18:18:39.030666Z",
              "Appt_Time": "04:00",
              "Site_Code": 1,
              "sitecode_name": "BIO SKIN HQ",
              "Price": "200.00",
              "Treatment_No": null,
              "outlet": null,
              "emp_no": null,
              "Trmt_Room_Code": null,
              "cus_requests": null,
              "treatment_details": "A facial is a family of skin care treatments for the face, including steam, exfoliation, extraction, creams, lotions, facial masks, peels, and massage. They are normally performed in beauty salons, but are also a common spa treatment. They are used for general skin health as well as for specific skin conditions.",
              "procedure": "A facial is a family of skin care treatments for the face, including steam, exfoliation, extraction, creams, lotions, facial masks, peels, and massage. They are normally performed in beauty salons, but are also a common spa treatment. They are used for general skin health as well as for specific skin conditions.",
              "products_used": "fgsdfg",
              "recurring_appointment": "sdfgsdfg"
          },
          {
              "id": 31,
              "PIC": "/media/img/djangoadmin_Ahksqem.png",
              "Course": "Hot Stone Massage",
              "item_class": "Massage",
              "Item_Class": 2,
              "Item_Code": 5,
              "stock_name": "Hot Stone Massage",
              "Treatment_Date": "2020-08-06T18:19:38.233131Z",
              "Appt_Time": "04:00",
              "Site_Code": 1,
              "sitecode_name": "BIO SKIN HQ",
              "Price": "200.00",
              "Treatment_No": null,
              "outlet": null,
              "emp_no": null,
              "Trmt_Room_Code": null,
              "cus_requests": null,
              "treatment_details": "A facial is a family of skin care treatments for the face, including steam, exfoliation, extraction, creams, lotions, facial masks, peels, and massage. They are normally performed in beauty salons, but are also a common spa treatment. They are used for general skin health as well as for specific skin conditions.",
              "procedure": "A facial is a family of skin care treatments for the face, including steam, exfoliation, extraction, creams, lotions, facial masks, peels, and massage. They are normally performed in beauty salons, but are also a common spa treatment. They are used for general skin health as well as for specific skin conditions.",
              "products_used": "asdfasdfasdf",
              "recurring_appointment": "asdfasdf"
          },
          {
              "id": 32,
              "PIC": "/media/img/djangoadmin_Ahksqem.png",
              "Course": "Hot Stone Massage",
              "item_class": "Massage",
              "Item_Class": 2,
              "Item_Code": 5,
              "stock_name": "Hot Stone Massage",
              "Treatment_Date": "2020-08-06T18:39:19.769246Z",
              "Appt_Time": "04:00",
              "Site_Code": 1,
              "sitecode_name": "BIO SKIN HQ",
              "Price": "200.00",
              "Treatment_No": null,
              "outlet": null,
              "emp_no": null,
              "Trmt_Room_Code": null,
              "cus_requests": null,
              "treatment_details": "A facial is a family of skin care treatments for the face, including steam, exfoliation, extraction, creams, lotions, facial masks, peels, and massage. They are normally performed in beauty salons, but are also a common spa treatment. They are used for general skin health as well as for specific skin conditions.",
              "procedure": "A facial is a family of skin care treatments for the face, including steam, exfoliation, extraction, creams, lotions, facial masks, peels, and massage. They are normally performed in beauty salons, but are also a common spa treatment. They are used for general skin health as well as for specific skin conditions.",
              "products_used": "sdfsdfg",
              "recurring_appointment": "sdfgsdfgsdf"
          },
          {
              "id": 33,
              "PIC": "/media/img/djangoadmin_Ahksqem.png",
              "Course": "Hot Stone Massage",
              "item_class": "Massage",
              "Item_Class": 2,
              "Item_Code": 5,
              "stock_name": "Hot Stone Massage",
              "Treatment_Date": "2020-08-06T18:42:07.978462Z",
              "Appt_Time": "04:00",
              "Site_Code": 1,
              "sitecode_name": "BIO SKIN HQ",
              "Price": "200.00",
              "Treatment_No": null,
              "outlet": null,
              "emp_no": null,
              "Trmt_Room_Code": null,
              "cus_requests": null,
              "treatment_details": "A facial is a family of skin care treatments for the face, including steam, exfoliation, extraction, creams, lotions, facial masks, peels, and massage. They are normally performed in beauty salons, but are also a common spa treatment. They are used for general skin health as well as for specific skin conditions.",
              "procedure": "A facial is a family of skin care treatments for the face, including steam, exfoliation, extraction, creams, lotions, facial masks, peels, and massage. They are normally performed in beauty salons, but are also a common spa treatment. They are used for general skin health as well as for specific skin conditions.",
              "products_used": "wrtwtwrt",
              "recurring_appointment": "wrtwert"
          },
          {
              "id": 34,
              "PIC": "/media/img/djangoadmin_Ahksqem.png",
              "Course": "Hot Stone Massage",
              "item_class": "Massage",
              "Item_Class": 2,
              "Item_Code": 5,
              "stock_name": "Hot Stone Massage",
              "Treatment_Date": "2020-08-06T18:44:14.878126Z",
              "Appt_Time": "04:00",
              "Site_Code": 1,
              "sitecode_name": "BIO SKIN HQ",
              "Price": "200.00",
              "Treatment_No": null,
              "outlet": null,
              "emp_no": null,
              "Trmt_Room_Code": null,
              "cus_requests": null,
              "treatment_details": "A facial is a family of skin care treatments for the face, including steam, exfoliation, extraction, creams, lotions, facial masks, peels, and massage. They are normally performed in beauty salons, but are also a common spa treatment. They are used for general skin health as well as for specific skin conditions.",
              "procedure": "A facial is a family of skin care treatments for the face, including steam, exfoliation, extraction, creams, lotions, facial masks, peels, and massage. They are normally performed in beauty salons, but are also a common spa treatment. They are used for general skin health as well as for specific skin conditions.",
              "products_used": "afdasdf",
              "recurring_appointment": "asdfasd"
          },
          {
              "id": 26,
              "PIC": "/media/img/currentsite_LetkfSj.png",
              "Course": "Gold Massage",
              "item_class": "DragonFace",
              "Item_Class": 6,
              "Item_Code": 2,
              "stock_name": "Gold Massage",
              "Treatment_Date": "2020-08-06T17:03:45.860718Z",
              "Appt_Time": "04:00",
              "Site_Code": 1,
              "sitecode_name": "BIO SKIN HQ",
              "Price": "217.00",
              "Treatment_No": "5",
              "outlet": 1,
              "oulet_name": "BIO SKIN HQ",
              "emp_no": 1,
              "emp_name": "Admin User",
              "Trmt_Room_Code": 4,
              "room_name": "Room 4",
              "cus_requests": "askjalksdjfasd",
              "treatment_details": "A facial is a family of skin care treatments for the face, including steam, exfoliation, extraction, creams, lotions, facial masks, peels, and massage. They are normally performed in beauty salons, but are also a common spa treatment. They are used for general skin health as well as for specific skin conditions.",
              "procedure": "A facial is a family of skin care treatments for the face, including steam, exfoliation, extraction, creams, lotions, facial masks, peels, and massage. They are normally performed in beauty salons, but are also a common spa treatment. They are used for general skin health as well as for specific skin conditions.",
              "products_used": "Product 1",
              "recurring_appointment": "1",
              "room_img": "http://157.50.32.148:80001",
              "emp_img": "http://157.50.32.148:8000"
          }
      ]
  },
  {
      "Customer": {
          "id": 2,
          "cust_no": 1,
          "cust_name": "Charu",
          "Appt_date": "2020-08-03",
          "Appt_Fr_time": "04:00",
          "Appt_Status": "booking"
      },
      "Treatment": []
  },
  {
      "Customer": {
          "id": 9,
          "cust_no": 3,
          "cust_name": "Robinson",
          "Appt_date": "2020-08-04",
          "Appt_Fr_time": "00:00",
          "Appt_Status": "booking"
      },
      "Treatment": []
  },
  {
      "Customer": {
          "id": 10,
          "cust_no": 1,
          "cust_name": "Charu",
          "Appt_date": "2020-08-05",
          "Appt_Fr_time": "04:00",
          "Appt_Status": "booking"
      },
      "Treatment": []
  },
  {
      "Customer": {
          "id": 13,
          "cust_no": 3,
          "cust_name": "Robinson",
          "Appt_date": "2020-08-05",
          "Appt_Fr_time": "04:00",
          "Appt_Status": "booking"
      },
      "Treatment": []
  },
  {
      "Customer": {
          "id": 11,
          "cust_no": 5,
          "cust_name": "Arif Kadabhi",
          "Appt_date": "2020-08-05",
          "Appt_Fr_time": "09:00",
          "Appt_Status": "booking"
      },
      "Treatment": []
  },
  {
      "Customer": {
          "id": 14,
          "cust_no": 4,
          "cust_name": "Chandrika",
          "Appt_date": "2020-08-06",
          "Appt_Fr_time": "13:00",
          "Appt_Status": "cancelled"
      },
      "Treatment": []
  },
  {
      "Customer": {
          "id": 12,
          "cust_no": 4,
          "cust_name": "Chandrika",
          "Appt_date": "2020-08-06",
          "Appt_Fr_time": "13:00",
          "Appt_Status": "cancelled"
      },
      "Treatment": []
  },
  {
      "Customer": {
          "id": 1,
          "cust_no": 1,
          "cust_name": "Charu",
          "Appt_date": "2020-08-08",
          "Appt_Fr_time": "04:00",
          "Appt_Status": "confirmed"
      },
      "Treatment": [
          {
              "id": 1,
              "PIC": "/media/img/Screenshot_from_2020-08-04_11-50-32_U2nwBxI.png",
              "Course": "Golden Facial",
              "item_class": "DragonFace",
              "Item_Class": 6,
              "Item_Code": 1,
              "stock_name": "Golden Facial",
              "Treatment_Date": "2020-08-05T11:14:43.115415Z",
              "Appt_Time": "04:00",
              "Site_Code": 1,
              "sitecode_name": "BIO SKIN HQ",
              "Price": "120.00",
              "Treatment_No": "05",
              "outlet": 1,
              "oulet_name": "BIO SKIN HQ",
              "emp_no": 2,
              "emp_name": "Jammie",
              "Trmt_Room_Code": 1,
              "room_name": "Room 1",
              "cus_requests": "I Need Special Towels",
              "treatment_details": "A facial is a family of skin care treatments for the face, including steam, exfoliation, extraction, creams, lotions, facial masks, peels, and massage. They are normally performed in beauty salons, but are also a common spa treatment. They are used for general skin health as well as for specific skin conditions.",
              "procedure": "Masks can be found anywhere from drugstores to department stores, and can vary in consistency and form. Setting masks include: clay, which is a thicker consistency, and will draw out impurities (and sometimes, natural oils, too) from the pores; a cream, which stays damp to hydrate the skin; sheet-style",
              "products_used": "product 1",
              "recurring_appointment": "1",
              "room_img": "http://157.50.32.148:80001",
              "emp_img": "http://157.50.32.148:8000"
          },
          {
              "id": 2,
              "PIC": "/media/img/Screenshot_from_2020-08-04_11-50-32_HYTjoJE.png",
              "Course": "Gold Massage",
              "item_class": "DragonFace",
              "Item_Class": 6,
              "Item_Code": 2,
              "stock_name": "Gold Massage",
              "Treatment_Date": "2020-08-05T11:16:25.221982Z",
              "Appt_Time": "04:00",
              "Site_Code": 1,
              "sitecode_name": "BIO SKIN HQ",
              "Price": "217.00",
              "Treatment_No": "05",
              "outlet": 1,
              "oulet_name": "BIO SKIN HQ",
              "emp_no": 2,
              "emp_name": "Jammie",
              "Trmt_Room_Code": 1,
              "room_name": "Room 1",
              "cus_requests": "I Need Special Towels",
              "treatment_details": "1",
              "procedure": "1",
              "products_used": "product 1",
              "recurring_appointment": "1",
              "room_img": "http://157.50.32.148:80001",
              "emp_img": "http://157.50.32.148:8000"
          }
      ]
  },
  {
      "Customer": {
          "id": 5,
          "cust_no": 3,
          "cust_name": "Robinson",
          "Appt_date": "2020-08-09",
          "Appt_Fr_time": "04:00",
          "Appt_Status": "booking"
      },
      "Treatment": [
          {
              "id": 19,
              "PIC": "/media/img/currentsite_LetkfSj.png",
              "Course": "Gold Massage",
              "item_class": "DragonFace",
              "Item_Class": 6,
              "Item_Code": 2,
              "stock_name": "Gold Massage",
              "Treatment_Date": "2020-08-06T10:11:55.027124Z",
              "Appt_Time": "04:00",
              "Site_Code": 1,
              "sitecode_name": "BIO SKIN HQ",
              "Price": "217.00",
              "Treatment_No": null,
              "outlet": null,
              "emp_no": null,
              "Trmt_Room_Code": null,
              "cus_requests": null,
              "treatment_details": "A tuple is a collection of objects which ordered and immutable. Tuples are sequences, just like lists. The differences between tuples and lists are, the tuples cannot be changed unlike lists and tuples use parentheses, whereas lists use square brackets.",
              "procedure": "A tuple is a collection of objects which ordered and immutable. Tuples are sequences, just like lists. The differences between tuples and lists are, the tuples cannot be changed unlike lists and tuples use parentheses, whereas lists use square brackets.",
              "products_used": "Product 1",
              "recurring_appointment": "1"
          },
          {
              "id": 20,
              "PIC": "/media/img/dept.png",
              "Course": "Golden Facial",
              "item_class": "DragonFace",
              "Item_Class": 6,
              "Item_Code": 1,
              "stock_name": "Golden Facial",
              "Treatment_Date": "2020-08-06T10:12:15.382709Z",
              "Appt_Time": "04:00",
              "Site_Code": 1,
              "sitecode_name": "BIO SKIN HQ",
              "Price": "120.00",
              "Treatment_No": null,
              "outlet": null,
              "emp_no": null,
              "Trmt_Room_Code": null,
              "cus_requests": null,
              "treatment_details": "A facial is a family of skin care treatments for the face, including steam, exfoliation, extraction, creams, lotions, facial masks, peels, and massage. They are normally performed in beauty salons, but are also a common spa treatment. They are used for general skin health as well as for specific skin conditions.",
              "procedure": "Masks can be found anywhere from drugstores to department stores, and can vary in consistency and form. Setting masks include: clay, which is a thicker consistency, and will draw out impurities (and sometimes, natural oils, too) from the pores; a cream, which stays damp to hydrate the skin; sheet-style",
              "products_used": "Product 1",
              "recurring_appointment": "1"
          },
          {
              "id": 21,
              "PIC": "/media/img/demo_HpI8Dxg.png",
              "Course": "Aromatherapy Facial",
              "item_class": "Facial",
              "Item_Class": 1,
              "Item_Code": 3,
              "stock_name": "Aromatherapy Facial",
              "Treatment_Date": "2020-08-06T10:15:42.530364Z",
              "Appt_Time": "04:00",
              "Site_Code": 1,
              "sitecode_name": "BIO SKIN HQ",
              "Price": "150.00",
              "Treatment_No": null,
              "outlet": null,
              "emp_no": null,
              "Trmt_Room_Code": null,
              "cus_requests": null,
              "treatment_details": "A facial is a family of skin care treatments for the face, including steam, exfoliation, extraction, creams, lotions, facial masks, peels, and massage. They are normally performed in beauty salons, but are also a common spa treatment. They are used for general skin health as well as for specific skin conditions.",
              "procedure": "A facial is a family of skin care treatments for the face, including steam, exfoliation, extraction, creams, lotions, facial masks, peels, and massage. They are normally performed in beauty salons, but are also a common spa treatment. They are used for general skin health as well as for specific skin conditions.",
              "products_used": "Product 1",
              "recurring_appointment": "1"
          }
      ]
  },
  {
      "Customer": {
          "id": 7,
          "cust_no": 5,
          "cust_name": "Arif Kadabhi",
          "Appt_date": "2020-09-04",
          "Appt_Fr_time": "04:00",
          "Appt_Status": "booking"
      },
      "Treatment": []
  },
  {
      "Customer": {
          "id": 6,
          "cust_no": 4,
          "cust_name": "Chandrika",
          "Appt_date": "2020-09-09",
          "Appt_Fr_time": "04:00",
          "Appt_Status": "booking"
      },
      "Treatment": []
  }
]