[
  { "status": "", "label": "00:00", "value": "00:00" },
  { "status": "", "label": "", "value": "00:10" },
  { "status": "", "label": "", "value": "00:20" },
  { "status": "", "label": "", "value": "00:30" },
  { "status": "", "label": "", "value": "00:40" },
  { "status": "", "label": "", "value": "00:50" },

  { "status": "", "label": "01:00", "value": "01:00" },
  { "status": "", "label": "", "value": "01:10" },
  { "status": "", "label": "", "value": "01:20" },
  { "status": "", "label": "", "value": "01:30" },
  { "status": "", "label": "", "value": "01:40" },
  { "status": "", "label": "", "value": "01:50" },

  { "status": "", "label": "02:00", "value": "02:00" },
  { "status": "", "label": "", "value": "02:10" },
  { "status": "", "label": "", "value": "02:20" },
  { "status": "", "label": "", "value": "02:30" },
  { "status": "", "label": "", "value": "02:40" },
  { "status": "", "label": "", "value": "02:50" },

  { "status": "", "label": "03:00", "value": "03:00" },
  { "status": "", "label": "", "value": "03:10" },
  { "status": "", "label": "", "value": "03:20" },
  { "status": "", "label": "", "value": "03:30" },
  { "status": "", "label": "", "value": "03:40" },
  { "status": "", "label": "", "value": "03:50" },

  { "status": "", "label": "04:00", "value": "04:00" },
  { "status": "", "label": "", "value": "04:10" },
  { "status": "", "label": "", "value": "04:20" },
  { "status": "", "label": "", "value": "04:30" },
  { "status": "", "label": "", "value": "04:40" },
  { "status": "", "label": "", "value": "04:50" },

  { "status": "", "label": "05:00", "value": "05:00" },
  { "status": "", "label": "", "value": "05:10" },
  { "status": "", "label": "", "value": "05:20" },
  { "status": "", "label": "", "value": "05:30" },
  { "status": "", "label": "", "value": "05:40" },
  { "status": "", "label": "", "value": "05:50" },

  { "status": "", "label": "06:00", "value": "06:00" },
  { "status": "", "label": "", "value": "06:10" },
  { "status": "", "label": "", "value": "06:20" },
  { "status": "", "label": "", "value": "06:30" },
  { "status": "", "label": "", "value": "06:40" },
  { "status": "", "label": "", "value": "06:50" },

  { "status": "", "label": "07:00", "value": "07:00" },
  { "status": "", "label": "", "value": "07:10" },
  { "status": "", "label": "", "value": "07:20" },
  { "status": "", "label": "", "value": "07:30" },
  { "status": "", "label": "", "value": "07:40" },
  { "status": "", "label": "", "value": "07:50" },

  { "status": "", "label": "08:00", "value": "08:00" },
  { "status": "", "label": "", "value": "08:10" },
  { "status": "", "label": "", "value": "08:20" },
  { "status": "", "label": "", "value": "08:30" },
  { "status": "", "label": "", "value": "08:40" },
  { "status": "", "label": "", "value": "08:50" },

  { "status": "", "label": "09:00", "value": "09:00" },
  { "status": "", "label": "", "value": "09:10" },
  { "status": "", "label": "", "value": "09:20" },
  { "status": "", "label": "", "value": "09:30" },
  { "status": "", "label": "", "value": "09:40" },
  { "status": "", "label": "", "value": "09:50" },

  { "status": "", "label": "10:00", "value": "10:00" },
  { "status": "", "label": "", "value": "10:10" },
  { "status": "", "label": "", "value": "10:20" },
  { "status": "", "label": "", "value": "10:30" },
  { "status": "", "label": "", "value": "10:40" },
  { "status": "", "label": "", "value": "10:50" },

  { "status": "", "label": "11:00", "value": "11:00" },
  { "status": "", "label": "", "value": "11:10" },
  { "status": "", "label": "", "value": "11:20" },
  { "status": "", "label": "", "value": "11:30" },
  { "status": "", "label": "", "value": "11:40" },
  { "status": "", "label": "", "value": "11:50" },

  { "status": "", "label": "12:00", "value": "12:00" },
  { "status": "", "label": "", "value": "12:10" },
  { "status": "", "label": "", "value": "12:20" },
  { "status": "", "label": "", "value": "12:30" },
  { "status": "", "label": "", "value": "12:40" },
  { "status": "", "label": "", "value": "12:50" },

  { "status": "", "label": "13:00", "value": "13:00" },
  { "status": "", "label": "", "value": "13:10" },
  { "status": "", "label": "", "value": "13:20" },
  { "status": "", "label": "", "value": "13:30" },
  { "status": "", "label": "", "value": "13:40" },
  { "status": "", "label": "", "value": "13:50" },

  { "status": "", "label": "14:00", "value": "14:00" },
  { "status": "", "label": "", "value": "14:10" },
  { "status": "", "label": "", "value": "14:20" },
  { "status": "", "label": "", "value": "14:30" },
  { "status": "", "label": "", "value": "14:40" },
  { "status": "", "label": "", "value": "14:50" },

  { "status": "", "label": "15:00", "value": "15:00" },
  { "status": "", "label": "", "value": "15:10" },
  { "status": "", "label": "", "value": "15:20" },
  { "status": "", "label": "", "value": "15:30" },
  { "status": "", "label": "", "value": "15:40" },
  { "status": "", "label": "", "value": "15:50" },

  { "status": "", "label": "16:00", "value": "16:00" },
  { "status": "", "label": "", "value": "16:10" },
  { "status": "", "label": "", "value": "16:20" },
  { "status": "", "label": "", "value": "16:30" },
  { "status": "", "label": "", "value": "16:40" },
  { "status": "", "label": "", "value": "16:50" },

  { "status": "", "label": "17:00", "value": "17:00" },
  { "status": "", "label": "", "value": "17:10" },
  { "status": "", "label": "", "value": "17:20" },
  { "status": "", "label": "", "value": "17:30" },
  { "status": "", "label": "", "value": "17:40" },
  { "status": "", "label": "", "value": "17:50" },

  { "status": "", "label": "18:00", "value": "18:00" },
  { "status": "", "label": "", "value": "18:10" },
  { "status": "", "label": "", "value": "18:20" },
  { "status": "", "label": "", "value": "18:30" },
  { "status": "", "label": "", "value": "18:40" },
  { "status": "", "label": "", "value": "18:50" },

  { "status": "", "label": "19:00", "value": "19:00" },
  { "status": "", "label": "", "value": "19:10" },
  { "status": "", "label": "", "value": "19:20" },
  { "status": "", "label": "", "value": "19:30" },
  { "status": "", "label": "", "value": "19:40" },
  { "status": "", "label": "", "value": "19:50" },

  { "status": "", "label": "20:00", "value": "20:00" },
  { "status": "", "label": "", "value": "20:10" },
  { "status": "", "label": "", "value": "20:20" },
  { "status": "", "label": "", "value": "20:30" },
  { "status": "", "label": "", "value": "20:40" },
  { "status": "", "label": "", "value": "20:50" },

  { "status": "", "label": "21:00", "value": "21:00" },
  { "status": "", "label": "", "value": "21:10" },
  { "status": "", "label": "", "value": "21:20" },
  { "status": "", "label": "", "value": "21:30" },
  { "status": "", "label": "", "value": "21:40" },
  { "status": "", "label": "", "value": "21:50" },

  { "status": "", "label": "22:00", "value": "22:00" },
  { "status": "", "label": "", "value": "22:10" },
  { "status": "", "label": "", "value": "22:20" },
  { "status": "", "label": "", "value": "22:30" },
  { "status": "", "label": "", "value": "22:40" },
  { "status": "", "label": "", "value": "22:50" },

  { "status": "", "label": "23:00", "value": "23:00" },
  { "status": "", "label": "", "value": "23:10" },
  { "status": "", "label": "", "value": "23:20" },
  { "status": "", "label": "", "value": "23:30" },
  { "status": "", "label": "", "value": "23:40" },
  { "status": "", "label": "", "value": "23:50" }
]