[
  
  { "status": "", "label": "08:00", "value": "08:00" },

  { "status": "", "label": "09:00", "value": "09:00" },

  { "status": "", "label": "10:00", "value": "10:00" },

  { "status": "", "label": "11:00", "value": "11:00" },

  { "status": "", "label": "12:00", "value": "12:00" },

  { "status": "", "label": "13:00", "value": "13:00" },

  { "status": "", "label": "14:00", "value": "14:00" },

  { "status": "", "label": "15:00", "value": "15:00" },

  { "status": "", "label": "16:00", "value": "16:00" },

  { "status": "", "label": "17:00", "value": "17:00" },

  { "status": "", "label": "18:00", "value": "18:00" },

  { "status": "", "label": "19:00", "value": "19:00" },

  { "status": "", "label": "20:00", "value": "20:00" },

  { "status": "", "label": "21:00", "value": "21:00" },

  { "status": "", "label": "22:00", "value": "22:00" }
]